action_id,run_id,action_type,status,proposed_epoch,expiration_epoch,bot_recommendation,bot_score,bot_confidence,network_majority,network_agreement,top10_majority,top10_agreement,actual_drep_yes_pct,actual_drep_no_pct,actual_drep_abstain_pct,top10_vote_counts_json,explain_hash,input_hash,snapshot_bundle_hash,soul_commit,resource_registry_commit,anchor_url
gov_action10k0unljvaej0kd89w7pn0zkgdx59c7xkl0x5q78dzvdtd73u0kmqq5xl5y5,gov_action10k0unljvaej0kd89w7pn0zkgdx59c7xkl0x5q78dzvdtd73u0kmqq5xl5y5-a68edc56a726,InfoAction,expired,554,561,ABSTAIN,0.1,0.62,YES,diverged,UNKNOWN,unknown,213.0,85.0,11.0,{},d1b3241dc37a7308d2d886d36d3fdbbe95ef39f9b6129c736e389cbed7a76a3a,a68edc56a72606f9557168af125f3f32f751d53de145848d952bb5324a6f73db,41dec17164173cf4decb3ddd5aa58cc89ffea74bd35127c35605322fc5cab5fb,a91654ea13913abad9f40d096b3766e7a40b098d,e0a51631722271611c498277b71008985770ffba,https://most-brass-sun.quicknode-ipfs.com/ipfs/QmRrGsZsP5R7cFYFzPXQ9vS2Ux7oTXb1ep1EciLdKqeDWY
gov_action10lty9xka3unprtvdfrqvcjgsz33sjwhv9p06afqzar8au782trtsq7dhd95,gov_action10lty9xka3unprtvdfrqvcjgsz33sjwhv9p06afqzar8au782trtsq7dhd95-d5752aa55516,InfoAction,expired,514,521,ABSTAIN,0.1,0.62,YES,diverged,UNKNOWN,unknown,88.0,54.0,22.0,{},a7851106cff88b75ecc0b1f6c91704d239d2bff6a97711531c595c1ab8d7b72c,d5752aa555165af991867c50925f6effd82d8ba659d6db66a95e3aba0faa0301,eb3eed81170e4c120cf1f4026a21a771defe36213d6abf11c49a4f6a656416a3,a91654ea13913abad9f40d096b3766e7a40b098d,e0a51631722271611c498277b71008985770ffba,https://raw.githubusercontent.com/bigpey/CardanoGovernance/refs/heads/main/infoAction3.jsonld
gov_action10ueqgzwenxr39le68n0se9peu92r7gm2846xwehh3u0ahc0qd0uqqyljxu5,gov_action10ueqgzwenxr39le68n0se9peu92r7gm2846xwehh3u0ahc0qd0uqqyljxu5-5d51bccea883,InfoAction,expired,546,553,ABSTAIN,-0.25,0.77,YES,diverged,UNKNOWN,unknown,138.0,112.0,14.0,{},9b84de482bdc250d07b0d29d0d33fdc39d0367b8a90f1c47a78fd41e8ecc0609,5d51bccea883a5aea7ad2814d4691618ae61f119a06b9a0020623428e150f104,4b6f05e44760e4b5e2cb06a366cca72552412af1c4c148f59da1a283916a1d4e,a91654ea13913abad9f40d096b3766e7a40b098d,e0a51631722271611c498277b71008985770ffba,https://raw.githubusercontent.com/blockchainada/ga/refs/heads/main/ga01.jsonld
gov_action1286ft23r7jem825s4l0y5rn8sgam0tz2ce04l7a38qmnhp3l9a6qqn850dw,gov_action1286ft23r7jem825s4l0y5rn8sgam0tz2ce04l7a38qmnhp3l9a6qqn850dw-a0a9038c7dea,ParameterChange,expired,518,525,ABSTAIN,-0.6,1.0,UNKNOWN,unknown,UNKNOWN,unknown,0.0,0.0,0.0,{},157d8a8a4f28a4d4915a7ed081d3d2494eb5498396c98875353a95847ab594db,a0a9038c7deadd0bb4f734260f0c14cd42a09fa4b04c12acef750d4eaf8f7a93,782f9ff8e01c5c22d0b61442ca8b7ebb9fc27a99c1e76c807d7d0ef9e9d24028,a91654ea13913abad9f40d096b3766e7a40b098d,e0a51631722271611c498277b71008985770ffba,https://raw.githubusercontent.com/IntersectMBO/governance-actions/refs/heads/main/mainnet/2024-10-21-ppu/metadata.jsonld
gov_action12meeq4r43udremwpm6fzt4nt7fctvt0ah7798x036m2r4nhlccmqqhmr9wx,gov_action12meeq4r43udremwpm6fzt4nt7fctvt0ah7798x036m2r4nhlccmqqhmr9wx-864ef71cba6f,InfoAction,expired,542,549,YES,0.25,0.8,YES,aligned,UNKNOWN,unknown,243.0,9.0,21.0,{},90e08368c5d2b6150fecb0f8045e05d57e337e2826d7b8ee43322285b73944ba,864ef71cba6fb326c9e7f2af65827f3ad1546f6193fdf262274aeeaea031be95,3e21befaf5395d039ac4d7a87784139e4640e21bd79ab254b3eb75905026aa5e,a91654ea13913abad9f40d096b3766e7a40b098d,e0a51631722271611c498277b71008985770ffba,ipfs://bafkreiada4nn5eaezg43esieduks6l57vzkjdo2yfby7yxv6jrat7ilrdq
gov_action133jnaewfsq8x6v08ndd87l2yqryp63r30t2dkceacxx5cply5n7sqzlcyqf,gov_action133jnaewfsq8x6v08ndd87l2yqryp63r30t2dkceacxx5cply5n7sqzlcyqf-e60629f19db6,NewConstitution,ratified,537,544,ABSTAIN,0.1,0.62,YES,diverged,UNKNOWN,unknown,385.0,22.0,6.0,{},748f8db5966bd0070eb532dbb928682e331b7fce38dd1634609b75cbcbaa3ee3,e60629f19db68dd7e5e5324e4155937d41c08f76e7e697110cf23999ec26fadb,3284151bc7fd308437a5a856f31af932e1886021494cafc41929331f07b962c5,a91654ea13913abad9f40d096b3766e7a40b098d,e0a51631722271611c498277b71008985770ffba,ipfs://bafkreiehcekhhsq34ccezwn46brg3euj6tbs4g4yjkav34ukqvbnzaya2a
gov_action13836fuy3yttxn4hkeqka398q9qnwsjtmul4sxc3nht7qae8uvejsqm7ukh8,gov_action13836fuy3yttxn4hkeqka398q9qnwsjtmul4sxc3nht7qae8uvejsqm7ukh8-292557377474,InfoAction,expired,579,586,NO,-0.25,0.8,NO,aligned,UNKNOWN,unknown,47.0,94.0,33.0,{},487795f26b678a7b760734b257065e99d831c23a026a2b95acb5d6def541c205,2925573774745b7ca9a72164ba0f5374f220397596f483293c4cc5d2ee4d3d0b,8841ef867ee22e4361128bebba95954effef0802194f4161f41c908ed7768321,a91654ea13913abad9f40d096b3766e7a40b098d,e0a51631722271611c498277b71008985770ffba,https://most-brass-sun.quicknode-ipfs.com/ipfs/QmTRrewK9MzARcCSYNFwmqizjFpMRK2kZhe9R6NJU4XHwJ
gov_action13a2dqgwxum7d6kjfprcs57cf9733ek2dkt5qnuhqd4ll5ntcwu7sqluwkxd,gov_action13a2dqgwxum7d6kjfprcs57cf9733ek2dkt5qnuhqd4ll5ntcwu7sqluwkxd-a1f48942c01f,InfoAction,expired,597,604,ABSTAIN,0.1,0.62,YES,diverged,UNKNOWN,unknown,267.0,10.0,7.0,{},6839f1f40f4beda886553aec83f45170f5b8d0ff8084ae13118e828513da7f75,a1f48942c01fd0b7c7824276faf33f36c664a1f4fa67cf641f6d7ddd2d8a5295,c182a5bd6057af344f73bd05bca6444f644bd55bbf3cf28098a6808b8c5490cd,a91654ea13913abad9f40d096b3766e7a40b098d,e0a51631722271611c498277b71008985770ffba,ipfs://bafkreicbxui5lbdrgcpjwhlti3rqkxfnd3vveiinkcu2zak5bny435w4yq
gov_action13pzmlsmmktmfareqpl3gzj9nm63ugwvmp3y7urkjhd8rf89tn6msq95mp3f,gov_action13pzmlsmmktmfareqpl3gzj9nm63ugwvmp3y7urkjhd8rf89tn6msq95mp3f-8b95d718e622,InfoAction,active,606,613,YES,0.25,0.8,YES,aligned,UNKNOWN,unknown,198.0,2.0,10.0,{},e90b04c0502432166e318578c2906cdbfff39422e9fe480f03b577baeaefa7ba,8b95d718e622594f11b77793422c9f5cd1325efc18489a1b9b4dc6ecbf5675b7,9efe35f658df3db680fa439a1f54f98f80701878c6d908aeeab89fcd4686a9c8,a91654ea13913abad9f40d096b3766e7a40b098d,e0a51631722271611c498277b71008985770ffba,ipfs://bafkreiaaevieqcufh6or65xtva2r2txy2tre45p4vlesfz5l3l5kpd6djm
gov_action13qr78nhrhetywapvx2wpm63y9uxpc2dc45zsu9gkncasxqhuhltqqqfu32x,gov_action13qr78nhrhetywapvx2wpm63y9uxpc2dc45zsu9gkncasxqhuhltqqqfu32x-be00adc1fd73,TreasuryWithdrawals,active,618,625,NO,-0.2,0.72,YES,diverged,UNKNOWN,unknown,46.0,26.0,5.0,{},1d410b4e9326412d696c2cab5c03590113e2f9ba16605db98aa0433b32700439,be00adc1fd735e34f162abd52e2efed3649411f342563fcebd1e2af83a8d9618,270939947e8b7216a4f7f462544f4d48ff4d6a5671085822537b4f869f661533,a91654ea13913abad9f40d096b3766e7a40b098d,e0a51631722271611c498277b71008985770ffba,ipfs://QmPXYnQ65EuKCVPrWfDqFZmiF8Y4PzxZ87XrGs6UaMkNru
gov_action13tfag48nf94rtjcdq7c06vhkslmxxw9h6c88sl7q5g5nnewcsvlp2tyw3h6,gov_action13tfag48nf94rtjcdq7c06vhkslmxxw9h6c88sl7q5g5nnewcsvlp2tyw3h6-c86d09275d7f,TreasuryWithdrawals,ratified,570,577,ABSTAIN,-0.15,0.67,YES,diverged,UNKNOWN,unknown,141.0,39.0,8.0,{},5350a9f41f8487a4f3143c11d71798941221f68b35f70d134555e92e681442a3,c86d09275d7fa5566ffff7d19a12264d7303d2ce3664e51d2db2b1e44d4c85a6,e61ce40c33e10c3a9b21b15595ebee1924471e75eb23395a7ae1b4830b7b7b00,a91654ea13913abad9f40d096b3766e7a40b098d,e0a51631722271611c498277b71008985770ffba,ipfs://bafkreidy6xsjjpdccodhiurbdcvtcf5tqzkyfgx3ruuhso2ijjuovycuny
gov_action13tfag48nf94rtjcdq7c06vhkslmxxw9h6c88sl7q5g5nnewcsvlp5u7pqqr,gov_action13tfag48nf94rtjcdq7c06vhkslmxxw9h6c88sl7q5g5nnewcsvlp5u7pqqr-8d4d50678881,TreasuryWithdrawals,ratified,570,577,ABSTAIN,-0.15,0.67,YES,diverged,UNKNOWN,unknown,145.0,40.0,15.0,{},e8772aa247cd040ac30be603e901f73736dd326f3688095b231357c2274f3aed,8d4d506788813b129b68e5e100bef73e26d967cca48585f60a49104efff27391,1edb9d0daf2809e08b5c9e6a198bbe081134e11419b7f63d06ae18b60c1cf2fa,a91654ea13913abad9f40d096b3766e7a40b098d,e0a51631722271611c498277b71008985770ffba,ipfs://bafkreidlb2fusg7asmfcnugcrzmfkhk6sb32b4st5ieji2q3oxmbhm6sma
gov_action13tfag48nf94rtjcdq7c06vhkslmxxw9h6c88sl7q5g5nnewcsvlp679xfzf,gov_action13tfag48nf94rtjcdq7c06vhkslmxxw9h6c88sl7q5g5nnewcsvlp679xfzf-beddeaa9cfdb,TreasuryWithdrawals,ratified,570,577,ABSTAIN,-0.15,0.67,YES,diverged,UNKNOWN,unknown,136.0,66.0,21.0,{},5b9255d25dbace5bbf72166066b73c6eadf0b901d566a145b421378823803a19,beddeaa9cfdb3c162e8dc75ff51018fbaa28b1a61636d6ee37e58b976f74b2a7,ac6bd83348432a7093e02209f3c09c2dd5127fc2d5f916f769a4dde4853859fe,a91654ea13913abad9f40d096b3766e7a40b098d,e0a51631722271611c498277b71008985770ffba,ipfs://bafkreicewinu7ogkkxho7ubwpi6q4iy2xqs2pv4lhvueyz6qe3rkc2icru
gov_action13tfag48nf94rtjcdq7c06vhkslmxxw9h6c88sl7q5g5nnewcsvlp730y0dn,gov_action13tfag48nf94rtjcdq7c06vhkslmxxw9h6c88sl7q5g5nnewcsvlp730y0dn-080acb17ac6c,TreasuryWithdrawals,ratified,570,577,ABSTAIN,-0.15,0.67,YES,diverged,UNKNOWN,unknown,113.0,37.0,8.0,{},95a1e6d94fb577d889f13b98dec7ee4c33805dce9af46f85b47eb32b883a3cb8,080acb17ac6c459179908dd7f63ab6c0a45ba88face3175cecdd84b1e37899ee,08b05a60737458e37ca2722661988bff876e67710372306097e20766cb580c58,a91654ea13913abad9f40d096b3766e7a40b098d,e0a51631722271611c498277b71008985770ffba,ipfs://bafkreihki45xehzrcyk6e7onyjc3u4mjg3vbd72oi5wfg2h6blemtr65yq
gov_action13tfag48nf94rtjcdq7c06vhkslmxxw9h6c88sl7q5g5nnewcsvlpcdq823y,gov_action13tfag48nf94rtjcdq7c06vhkslmxxw9h6c88sl7q5g5nnewcsvlpcdq823y-628917046f29,TreasuryWithdrawals,ratified,570,577,NO,-0.21,0.73,YES,diverged,UNKNOWN,unknown,115.0,96.0,12.0,{},e3f4553d360341b301d205ad0ed1107851af82d29f2a157dc087278eb63add75,628917046f29938578b43b5c8f2d05761df5fbc23604dbf2b6e18df35eb5bdd7,ad9474e1ca032951f19a7a4c294b090ca9949d7b2a4016212ee44613cff4117f,a91654ea13913abad9f40d096b3766e7a40b098d,e0a51631722271611c498277b71008985770ffba,ipfs://bafkreidb56gwlzeuzav2xfubcbqa7txllbl2byiadnlxjdr2dgaqgb7z4m
gov_action13tfag48nf94rtjcdq7c06vhkslmxxw9h6c88sl7q5g5nnewcsvlpgcp0jyh,gov_action13tfag48nf94rtjcdq7c06vhkslmxxw9h6c88sl7q5g5nnewcsvlpgcp0jyh-16614dbd25ec,TreasuryWithdrawals,ratified,570,577,ABSTAIN,-0.15,0.67,YES,diverged,UNKNOWN,unknown,153.0,13.0,9.0,{},8f62efdbaa1f5af5beeb7fce9c85d497b83b20a2343ef8993f3fc28f66b68987,16614dbd25ec57869b654a69f78f8cb6da8ebf6cd4c372886d93c61ef1840813,5642c8cfc86b3bee7c4f1acf8a6589423a0d321b6a5d48c8218d2aaf11717cb7,a91654ea13913abad9f40d096b3766e7a40b098d,e0a51631722271611c498277b71008985770ffba,ipfs://bafkreigivcba5jtrmzvr4ilvokyyzbryry63cz6ctow7tjmmkjxpvgfbsq
gov_action13tfag48nf94rtjcdq7c06vhkslmxxw9h6c88sl7q5g5nnewcsvlpjq3z9u5,gov_action13tfag48nf94rtjcdq7c06vhkslmxxw9h6c88sl7q5g5nnewcsvlpjq3z9u5-e976c92a55f7,TreasuryWithdrawals,ratified,570,577,ABSTAIN,-0.15,0.67,YES,diverged,UNKNOWN,unknown,124.0,51.0,17.0,{},a1cc7a970184a7b8878dbce570770f2f151aec35d04b0ffc9efa76044e323975,e976c92a55f78e97015ee27c0227e4af09e553afb675aa0387a95b39a6b74209,00b056b3b9b12b12da1dbf274de72ec2ea86d4aa87fc5bcf03d19a99dd9a56e7,a91654ea13913abad9f40d096b3766e7a40b098d,e0a51631722271611c498277b71008985770ffba,ipfs://bafkreihhdmx6eumwipv4zlhlrbbkz6uj52y6xpzpjgwfnkzzzamtqgmq4u
gov_action13tfag48nf94rtjcdq7c06vhkslmxxw9h6c88sl7q5g5nnewcsvlpk0mqrnw,gov_action13tfag48nf94rtjcdq7c06vhkslmxxw9h6c88sl7q5g5nnewcsvlpk0mqrnw-fd1c92ae308a,TreasuryWithdrawals,expired,570,577,ABSTAIN,-0.15,0.67,YES,diverged,UNKNOWN,unknown,124.0,81.0,15.0,{},2e3f4077d15c513db38dd452c2d72e753404146adb1706e71de78eaa4d039f6e,fd1c92ae308a34a1f6f855280608358ea34cbbeffbdb645fc426607d2a131fee,29496989bbd1ca37dd7708b96b50c8c5b6a5af92d66efd1d42471b3dfc8e404b,a91654ea13913abad9f40d096b3766e7a40b098d,e0a51631722271611c498277b71008985770ffba,ipfs://bafkreicek47fmmvljbc2bjosg23x7hj5h7ijg7on447oy5gfuii7opgm6y
gov_action13tfag48nf94rtjcdq7c06vhkslmxxw9h6c88sl7q5g5nnewcsvlpqx4t762,gov_action13tfag48nf94rtjcdq7c06vhkslmxxw9h6c88sl7q5g5nnewcsvlpqx4t762-f3f82844c7e9,TreasuryWithdrawals,ratified,570,577,ABSTAIN,-0.15,0.67,YES,diverged,UNKNOWN,unknown,143.0,27.0,6.0,{},8f66be7c01959040b89a05c7158f219389985dff2089c7dcaaf70cb751e84c14,f3f82844c7e927f1e9bf85fc8b61ab3f0026cb3de1992cc00736c19edcbffc9c,b063071bada81905deb7c5cb0ab0b85720208ba4a663d185a4c8d85df27c0e9e,a91654ea13913abad9f40d096b3766e7a40b098d,e0a51631722271611c498277b71008985770ffba,ipfs://bafkreiechnwimuhwdwovwscljcsypzjlidrmktcbcssoovbgwgxkm4g4d4
gov_action13tfag48nf94rtjcdq7c06vhkslmxxw9h6c88sl7q5g5nnewcsvlpsn5rx0e,gov_action13tfag48nf94rtjcdq7c06vhkslmxxw9h6c88sl7q5g5nnewcsvlpsn5rx0e-3aa7336d095e,TreasuryWithdrawals,ratified,570,577,ABSTAIN,-0.15,0.67,YES,diverged,UNKNOWN,unknown,142.0,34.0,10.0,{},7366188c6c4da36106cb4064934ba17a0efa766aafdf2af0401dad2f05481574,3aa7336d095e131ee0050e9b6fa739e928eb5afd2e2f33e5dfb1f8fa536ab95d,9c39aefc4b849404fe6965d7b614d0f2e5fbbd5e506ac04100b8a06ac5ec9500,a91654ea13913abad9f40d096b3766e7a40b098d,e0a51631722271611c498277b71008985770ffba,ipfs://bafkreidcvqu57gic4bigicuk6ssiykrkrfzi7c3jlwgiyxuskggqnyvcim
gov_action13tfag48nf94rtjcdq7c06vhkslmxxw9h6c88sl7q5g5nnewcsvlpuz29v77,gov_action13tfag48nf94rtjcdq7c06vhkslmxxw9h6c88sl7q5g5nnewcsvlpuz29v77-f54a4c206162,TreasuryWithdrawals,expired,570,577,NO,-0.6,1.0,NO,aligned,UNKNOWN,unknown,93.0,113.0,20.0,{},3d223947d48b7db9f0bb9fc97562904b2f681e4335da463bb3258c69122bb52a,f54a4c2061626cacbf059be4d910dbe01ef9f071f51e08379440c66e4fa4ce20,0194f5fed0e71b7736720d6ca85254f1be71c2f26040a02a7071f30ee34a9f5d,a91654ea13913abad9f40d096b3766e7a40b098d,e0a51631722271611c498277b71008985770ffba,ipfs://bafkreidccjzvdy7np2uybq22w4n52cqu2qguoaws4o3j3wvu2rk4n27npq
gov_action13tfag48nf94rtjcdq7c06vhkslmxxw9h6c88sl7q5g5nnewcsvlpvhtd5td,gov_action13tfag48nf94rtjcdq7c06vhkslmxxw9h6c88sl7q5g5nnewcsvlpvhtd5td-9ab905ef4c0a,TreasuryWithdrawals,ratified,570,577,ABSTAIN,-0.15,0.67,YES,diverged,UNKNOWN,unknown,162.0,44.0,18.0,{},58c304399dccb127e2850080b594d9f070072a6e314162558ab647870f34dea2,9ab905ef4c0ac168420101e1cff3ec7af5a0d9c49b0d47f0e3749306e11ea09b,69da12d00988b7b13ebab4f5e4e1e15f4eb604377d33ed3e1dfeac384ccaf7b0,a91654ea13913abad9f40d096b3766e7a40b098d,e0a51631722271611c498277b71008985770ffba,ipfs://bafkreigltrp3abb6s667vrtnyspriii2j4wg25cieulbn26s3v36d4qsay
gov_action13tfag48nf94rtjcdq7c06vhkslmxxw9h6c88sl7q5g5nnewcsvlpwywvhcq,gov_action13tfag48nf94rtjcdq7c06vhkslmxxw9h6c88sl7q5g5nnewcsvlpwywvhcq-83f0553e2c5f,TreasuryWithdrawals,ratified,570,577,ABSTAIN,-0.15,0.67,YES,diverged,UNKNOWN,unknown,151.0,15.0,6.0,{},5bb0de947b7f29796d49de7d47b7ed117d0d2b871874ea0b7f9284c197151e09,83f0553e2c5f47263ba58f66923f5b1c02a08e76c735a5a185b4c1431775deb5,6cd3cb60040f0d1839c50a2924b95e7bc3c4b10a681448f563de3b7845501d0f,a91654ea13913abad9f40d096b3766e7a40b098d,e0a51631722271611c498277b71008985770ffba,ipfs://bafkreid2pq5icpp77nfvdvnb5ipy3fqs77tpnls4ngxy6semzkdq7d2z7y
gov_action13tfag48nf94rtjcdq7c06vhkslmxxw9h6c88sl7q5g5nnewcsvlpx66gmxa,gov_action13tfag48nf94rtjcdq7c06vhkslmxxw9h6c88sl7q5g5nnewcsvlpx66gmxa-e46c7c27a872,TreasuryWithdrawals,ratified,570,577,ABSTAIN,-0.15,0.67,YES,diverged,UNKNOWN,unknown,146.0,59.0,19.0,{},6addea1e6a8af0c2c844fdd9d14f26092d7511f1eb8eee472810e341e13ba7f2,e46c7c27a8728e974bc72f494abc36adc8f94e162ca6f198548ce5dcc7641bef,b0d29f5b54d3c1b34c92099aab89a7b0cc0ce759447d5db1a1a8f38a8f6edac9,a91654ea13913abad9f40d096b3766e7a40b098d,e0a51631722271611c498277b71008985770ffba,ipfs://bafkreihd2hqcfvssop4aqxxqoch63ds6mkpapsfm7j7onyvemzayiby4ua
gov_action13tfag48nf94rtjcdq7c06vhkslmxxw9h6c88sl7q5g5nnewcsvlpyflfc4s,gov_action13tfag48nf94rtjcdq7c06vhkslmxxw9h6c88sl7q5g5nnewcsvlpyflfc4s-913da5f172fc,TreasuryWithdrawals,ratified,570,577,ABSTAIN,-0.15,0.67,YES,diverged,UNKNOWN,unknown,153.0,19.0,6.0,{},fed0c79664deb205490b69621bc373d9ab52dac4b73ba2a117defc84bd8dd5f0,913da5f172fc2c33b76614398fdbe21b4fad0ebe07d84bf5f2d86dcffb7f7bee,935a48254cd600b382767f016c5319ea7e3185597ee4cb65abc77d1282438ce8,a91654ea13913abad9f40d096b3766e7a40b098d,e0a51631722271611c498277b71008985770ffba,ipfs://bafkreicrrim5wicmsnrjpw7gp52jmebn7a2ly6j4eopjkvdsol6adyboqu
gov_action13tfag48nf94rtjcdq7c06vhkslmxxw9h6c88sl7q5g5nnewcsvlpz4s2af8,gov_action13tfag48nf94rtjcdq7c06vhkslmxxw9h6c88sl7q5g5nnewcsvlpz4s2af8-9ed3a4d2652e,TreasuryWithdrawals,ratified,570,577,ABSTAIN,-0.15,0.67,YES,diverged,UNKNOWN,unknown,129.0,26.0,6.0,{},39a3aaf1b7e09557e1df4969daf0ec11afc72489f70478f67943ca83f88094ec,9ed3a4d2652e58d0763c21aca388e3831bd16501bca372e08449959d01516876,4de4d3cfd5e996d37c0f6e5fff1f85b2580cce5822e8318258dda3cf950610bc,a91654ea13913abad9f40d096b3766e7a40b098d,e0a51631722271611c498277b71008985770ffba,ipfs://bafkreiceukwtpmes66twb3axkdmftpg3p5vyfolgcyhkentlbuilc274fq
gov_action13tfag48nf94rtjcdq7c06vhkslmxxw9h6c88sl7q5g5nnewcsvlq2yeptuu,gov_action13tfag48nf94rtjcdq7c06vhkslmxxw9h6c88sl7q5g5nnewcsvlq2yeptuu-cbea1993a955,TreasuryWithdrawals,ratified,570,577,ABSTAIN,-0.15,0.67,YES,diverged,UNKNOWN,unknown,185.0,14.0,5.0,{},129d4be1253202a4a1c44c28902d64c4dd2f449d4f7a7937f2a6b6e75f6d3aad,cbea1993a95571e8541f1fca3c887e7a8f04a58b90ea14147bcca3511fef3522,cedbc800181047357ec6106926f36720981fef031c27e634d89859eb0ce719d7,a91654ea13913abad9f40d096b3766e7a40b098d,e0a51631722271611c498277b71008985770ffba,ipfs://bafkreibcranrq3y5eh7pcjuvq2tcmlapfw2pc7x3nazwp5lonx6docoayu
gov_action13tfag48nf94rtjcdq7c06vhkslmxxw9h6c88sl7q5g5nnewcsvlq5nrw6t9,gov_action13tfag48nf94rtjcdq7c06vhkslmxxw9h6c88sl7q5g5nnewcsvlq5nrw6t9-6095ef2dca67,TreasuryWithdrawals,ratified,570,577,ABSTAIN,-0.15,0.67,YES,diverged,UNKNOWN,unknown,139.0,32.0,5.0,{},09d455ac7407b9b268476cd2befd10c13587af1fc2745bc55d1b73b490d9e3c4,6095ef2dca67a0774875b4c4d6aa5901fb152ad3cd02997cacc7d3684fc17129,f0cf56d6a547d174ca5d296661206b1bda2936ece66a335a779acc9ec95f92e3,a91654ea13913abad9f40d096b3766e7a40b098d,e0a51631722271611c498277b71008985770ffba,ipfs://bafkreicc2dbqlrkqhahasq2qqho3lry2axt4adrfnamro43m56v5sib7hi
gov_action13tfag48nf94rtjcdq7c06vhkslmxxw9h6c88sl7q5g5nnewcsvlq63cfnf0,gov_action13tfag48nf94rtjcdq7c06vhkslmxxw9h6c88sl7q5g5nnewcsvlq63cfnf0-01f5edf3228f,TreasuryWithdrawals,ratified,570,577,ABSTAIN,-0.15,0.67,YES,diverged,UNKNOWN,unknown,152.0,13.0,10.0,{},568251ba1af0d08616e07192ae400a64a3a2a3ec0e975be8f0bceac1b66f4163,01f5edf3228ff0152daacda4fc3a6d8515a5af8da312acb210f6efe3989413da,4242b05df875f9f16678ce30489810a8bd5f6ccd05e7f4bc60284d446ce8c366,a91654ea13913abad9f40d096b3766e7a40b098d,e0a51631722271611c498277b71008985770ffba,ipfs://bafkreienjc55atyjxfy7ij2mthoud6m2um5snifhjvurflfujf4s2sa3le
gov_action13tfag48nf94rtjcdq7c06vhkslmxxw9h6c88sl7q5g5nnewcsvlq77jt4x4,gov_action13tfag48nf94rtjcdq7c06vhkslmxxw9h6c88sl7q5g5nnewcsvlq77jt4x4-e69cfebb907b,TreasuryWithdrawals,ratified,570,577,ABSTAIN,-0.15,0.67,YES,diverged,UNKNOWN,unknown,164.0,17.0,5.0,{},388cd98040c247366583f615ed4e68f7ed34c8e586417a249c17ac23656c3378,e69cfebb907b1729253f0855ffa50977004e800ae47a936d0570b8c76f2ab0ac,5cd76930caf43914e34f8d097a8ec88d62509a43884be44960cc123b701d2d2b,a91654ea13913abad9f40d096b3766e7a40b098d,e0a51631722271611c498277b71008985770ffba,ipfs://bafkreians5wdbxjgttbajinzfrhdxd7q7mzpfahsyyjntcq4xekts4qasu
gov_action13tfag48nf94rtjcdq7c06vhkslmxxw9h6c88sl7q5g5nnewcsvlqczags6z,gov_action13tfag48nf94rtjcdq7c06vhkslmxxw9h6c88sl7q5g5nnewcsvlqczags6z-4d447eb188c8,TreasuryWithdrawals,ratified,570,577,ABSTAIN,-0.15,0.67,YES,diverged,UNKNOWN,unknown,157.0,20.0,6.0,{},50fcf4bfe7582073f3b3cf1455d0df0779576c4f01bf1d8ca7dd6abc58e355ac,4d447eb188c847f08a0f1314b84e99487d42b927ba231d99020ab6413019f5dc,c27099f680b05cd43dfeb6b38b95c6b80bc7ea2ab150f5c6e39fef8bddae8f25,a91654ea13913abad9f40d096b3766e7a40b098d,e0a51631722271611c498277b71008985770ffba,ipfs://bafkreig7hi75t33nvu5t6y4hqf26thdpwvwvqcuzo3o3ehccslrwtf6bwe
gov_action13tfag48nf94rtjcdq7c06vhkslmxxw9h6c88sl7q5g5nnewcsvlqghuqg03,gov_action13tfag48nf94rtjcdq7c06vhkslmxxw9h6c88sl7q5g5nnewcsvlqghuqg03-a51e700e4fe2,TreasuryWithdrawals,ratified,570,577,ABSTAIN,-0.15,0.67,YES,diverged,UNKNOWN,unknown,185.0,12.0,6.0,{},b93f9d4fcce2d46a1a557cb906ce49ca2d19398536bdbca18966bc66e4c9e493,a51e700e4fe20ade50ff5af3b139f60c3ca80c949b8fbc2c3203031976bb6813,1d804155ac01e2b45cd84096a313a385564cdc35c276dcde5c88e31c032da786,a91654ea13913abad9f40d096b3766e7a40b098d,e0a51631722271611c498277b71008985770ffba,ipfs://bafkreigm5xreg7ezyedhowwecyy2qnue3bfhbw5dex5odmvunddeg5jsem
gov_action13tfag48nf94rtjcdq7c06vhkslmxxw9h6c88sl7q5g5nnewcsvlqj0vdlhj,gov_action13tfag48nf94rtjcdq7c06vhkslmxxw9h6c88sl7q5g5nnewcsvlqj0vdlhj-6e23efcbb738,TreasuryWithdrawals,ratified,570,577,ABSTAIN,-0.15,0.67,YES,diverged,UNKNOWN,unknown,162.0,19.0,5.0,{},b9cb7147c85d18fee5fc705c67af9797e51f6e11cc13a6e763e52c7b8c54d2df,6e23efcbb7384ed8edb15b8dd564fed42615fcb3be01fbf29da048623b5f08bd,4166267ef21fbce55f33163ff212d227c672e27a6232fbd83ab7ec7996b89437,a91654ea13913abad9f40d096b3766e7a40b098d,e0a51631722271611c498277b71008985770ffba,ipfs://bafkreibwg74hpx5vyyixzggxdkunrqy6kdkx2mpp57r6fknkqe7z263omm
gov_action13tfag48nf94rtjcdq7c06vhkslmxxw9h6c88sl7q5g5nnewcsvlqkqx0ecg,gov_action13tfag48nf94rtjcdq7c06vhkslmxxw9h6c88sl7q5g5nnewcsvlqkqx0ecg-63f66632db4b,TreasuryWithdrawals,ratified,570,577,ABSTAIN,-0.15,0.67,YES,diverged,UNKNOWN,unknown,159.0,23.0,5.0,{},33ec22ac38997106f8446bd4dacb7f08c8736762d18488753727020202abe7d0,63f66632db4b3179376ec958ae3c1013722b264dd5010450d1ef69150d7c28f6,f05c51079a5b0cc18ad68bec4d5dfbc97ccb13a92727e29d21cef1ad6923967f,a91654ea13913abad9f40d096b3766e7a40b098d,e0a51631722271611c498277b71008985770ffba,ipfs://bafkreiedjhlwerulq5qg5tku2qqremf2cf2dguxvktttnjddei3fxct37a
gov_action13tfag48nf94rtjcdq7c06vhkslmxxw9h6c88sl7q5g5nnewcsvlqqfgyy3v,gov_action13tfag48nf94rtjcdq7c06vhkslmxxw9h6c88sl7q5g5nnewcsvlqqfgyy3v-9c7d6d012eac,TreasuryWithdrawals,ratified,570,577,ABSTAIN,-0.15,0.67,YES,diverged,UNKNOWN,unknown,198.0,8.0,1.0,{},5d1024331494ca7e94a8d656298f56e307501b891d42c15fb9a48bdf1dc1ea73,9c7d6d012eac19a013fcb900b76046aa18a71fe2fc52e85463862206585fd9f8,8208a3203235ed56e25b8ec2c0acea29bce1bdf0d30f237cc779c4f1d4b00397,a91654ea13913abad9f40d096b3766e7a40b098d,e0a51631722271611c498277b71008985770ffba,ipfs://bafkreidjnukg5c7u5zlkxaciy4hkxfixvtquhx6uzlqpydvrxormfqpdm4
gov_action13tfag48nf94rtjcdq7c06vhkslmxxw9h6c88sl7q5g5nnewcsvlqsufvuyl,gov_action13tfag48nf94rtjcdq7c06vhkslmxxw9h6c88sl7q5g5nnewcsvlqsufvuyl-4082928d362c,TreasuryWithdrawals,ratified,570,577,ABSTAIN,-0.15,0.67,YES,diverged,UNKNOWN,unknown,174.0,10.0,5.0,{},aeee299de77b200ec1f12b0da22b8e18fb09aa4999f3086c6d941277907a578a,4082928d362c375b3a8bdc6129897bb9a52280555b72bc68dab507e652b56c5c,1a7f2d04de1e089a2a4f9e6b48ec89be35595c3e93789a56376472df56500d19,a91654ea13913abad9f40d096b3766e7a40b098d,e0a51631722271611c498277b71008985770ffba,ipfs://bafkreihqhuiuwdjyukw4ul5obxz656ndyz5najokjhdw7mbdscskyaalfu
gov_action13tfag48nf94rtjcdq7c06vhkslmxxw9h6c88sl7q5g5nnewcsvlqudh2k4c,gov_action13tfag48nf94rtjcdq7c06vhkslmxxw9h6c88sl7q5g5nnewcsvlqudh2k4c-1fd45569e530,TreasuryWithdrawals,ratified,570,577,ABSTAIN,-0.15,0.67,YES,diverged,UNKNOWN,unknown,127.0,34.0,7.0,{},6be9d9ac7aa28add607ba4674704d513d2b1e207faf73fcab097a0a1531f4f94,1fd45569e53028659367e226838242ff29729fdda043a3d23752cf9bdbfb1570,9551a30812ed944b99e977662a196349ac065a725d981d4b43c923248aabce01,a91654ea13913abad9f40d096b3766e7a40b098d,e0a51631722271611c498277b71008985770ffba,ipfs://bafkreidlgy2mljdxjknsxzpy6im5xkgsw4ticvwqmgedecs53dzdqhgdlu
gov_action13tfag48nf94rtjcdq7c06vhkslmxxw9h6c88sl7q5g5nnewcsvlqvckzwqt,gov_action13tfag48nf94rtjcdq7c06vhkslmxxw9h6c88sl7q5g5nnewcsvlqvckzwqt-9edb38e1deba,TreasuryWithdrawals,ratified,570,577,ABSTAIN,-0.15,0.67,YES,diverged,UNKNOWN,unknown,166.0,15.0,3.0,{},71478c1d6e64f6e860919173ea579b9595389c667795b072476b11f0370b638e,9edb38e1deba9f3f5ffa7ee57f408e9fb09c13630a0818e704cffcdf6ed5d819,2247f0a23a9d928e7e97d101788598e0cf108fa8ac6bd6b94452ba2b0ebc168a,a91654ea13913abad9f40d096b3766e7a40b098d,e0a51631722271611c498277b71008985770ffba,ipfs://bafkreigfhg7nn4pshyogcokcuo7ohpjpw6gaatnm74hum5vungrqwvpxs4
gov_action13tfag48nf94rtjcdq7c06vhkslmxxw9h6c88sl7q5g5nnewcsvlqwtnrdnx,gov_action13tfag48nf94rtjcdq7c06vhkslmxxw9h6c88sl7q5g5nnewcsvlqwtnrdnx-e86d564de70c,TreasuryWithdrawals,ratified,570,577,ABSTAIN,-0.15,0.67,YES,diverged,UNKNOWN,unknown,186.0,12.0,6.0,{},3aadbd5c010eb8d773324fff34c4492388f03332103a1bc71a97c84359b88d2f,e86d564de70c08b1535834041732efa38b60b5154b541bf07f35c55bed191b41,bdd12613259734726655b45ab1a212f0231e2b0a3c9da9f6f1419851319621eb,a91654ea13913abad9f40d096b3766e7a40b098d,e0a51631722271611c498277b71008985770ffba,ipfs://bafkreigjofgwm4qtwn7r3e6nczaxo7jp4fmhzphozrpcuvnx5k2khlbtty
gov_action13tfag48nf94rtjcdq7c06vhkslmxxw9h6c88sl7q5g5nnewcsvlqx488pdm,gov_action13tfag48nf94rtjcdq7c06vhkslmxxw9h6c88sl7q5g5nnewcsvlqx488pdm-8818173938fd,TreasuryWithdrawals,ratified,570,577,ABSTAIN,-0.15,0.67,YES,diverged,UNKNOWN,unknown,183.0,15.0,3.0,{},afd0fae0760c90c87f17b29747d45dc44b9820ba602c87bdcbab3011cd9a75a7,8818173938fdf493892a681c278a54ce79095962889a264893ef90c56d0e3bca,f95b3e412e116cf2b536fd986e706abe9d6169af190a73a3457b9a66ff515715,a91654ea13913abad9f40d096b3766e7a40b098d,e0a51631722271611c498277b71008985770ffba,ipfs://bafkreicmz5a6ylplflowjdj7vjzp6glt45k2r6mnhwlmzq7kjkl3fvuzeu
gov_action13tfag48nf94rtjcdq7c06vhkslmxxw9h6c88sl7q5g5nnewcsvlqyxzxz7k,gov_action13tfag48nf94rtjcdq7c06vhkslmxxw9h6c88sl7q5g5nnewcsvlqyxzxz7k-12bfe6db5f1c,TreasuryWithdrawals,ratified,570,577,ABSTAIN,-0.15,0.67,YES,diverged,UNKNOWN,unknown,189.0,13.0,13.0,{},eed7ef16e7d79d6b45decb7420507d34c3967cd9a3725702914c7bf0166582ca,12bfe6db5f1c6a79f3a2616d35b86de8e91eb68ffe45a6789014d235cbaa181f,dfd0313def2203fec5e936135bf4924340315fdf4439906009f4f0bd510e075f,a91654ea13913abad9f40d096b3766e7a40b098d,e0a51631722271611c498277b71008985770ffba,ipfs://bafkreidgiirfod3axto3xf3nducsao5w4rp6vqrijeh5m6mqgdxotaafbq
gov_action13tfag48nf94rtjcdq7c06vhkslmxxw9h6c88sl7q5g5nnewcsvlqz6d98zp,gov_action13tfag48nf94rtjcdq7c06vhkslmxxw9h6c88sl7q5g5nnewcsvlqz6d98zp-94ec821ab99e,TreasuryWithdrawals,ratified,570,577,ABSTAIN,-0.15,0.67,YES,diverged,UNKNOWN,unknown,199.0,6.0,7.0,{},7164889a3da0f2a8fbbc1eb2baf212d86edc6e2ed5d07d99e61d3e1778d25b3a,94ec821ab99ece2bc9c69394d239290554692b0f02c4f6c7e49e4eaa25dbe553,952404b10e9de2b9d391c22270d49cd7a84dc512512dda09ca7c792208604aa9,a91654ea13913abad9f40d096b3766e7a40b098d,e0a51631722271611c498277b71008985770ffba,ipfs://bafkreigt5xy56qjxd7dl2s7u6jxec2cfxevynppvgnnjifc2wawr7md5ha
gov_action13tfag48nf94rtjcdq7c06vhkslmxxw9h6c88sl7q5g5nnewcsvlzgf074ea,gov_action13tfag48nf94rtjcdq7c06vhkslmxxw9h6c88sl7q5g5nnewcsvlzgf074ea-cbe4a4c6eaf2,TreasuryWithdrawals,ratified,570,577,ABSTAIN,-0.15,0.67,YES,diverged,UNKNOWN,unknown,129.0,21.0,7.0,{},8d653ce1647cb7e87b7950e1fdd82cc3417f981031670d6f353ca0af98517ca0,cbe4a4c6eaf276820977843d40c7786f6d6a9f1838af2e72629c17a5a00cf0ad,dc125e2c993fd30653e27f329aca8cfb3ceb092f700d985a1c82d6da8a761737,a91654ea13913abad9f40d096b3766e7a40b098d,e0a51631722271611c498277b71008985770ffba,ipfs://bafkreig4bosl5dfpmtqguybf4yaffkwo5hcaxxy2k7wlbwdl57twojfk2i
gov_action13tfag48nf94rtjcdq7c06vhkslmxxw9h6c88sl7q5g5nnewcsvlzqhm6e8q,gov_action13tfag48nf94rtjcdq7c06vhkslmxxw9h6c88sl7q5g5nnewcsvlzqhm6e8q-bd7b5b3e05b4,TreasuryWithdrawals,ratified,570,577,ABSTAIN,-0.15,0.67,YES,diverged,UNKNOWN,unknown,174.0,14.0,9.0,{},0936379ee862edcd7b525db3a3be430053cd97c0e963f61f421cf7c6a3fb1604,bd7b5b3e05b4873ea521ec54c7d7c0c0dbb6b907f0771040af5f8bf509bffca6,41f19fec9256e1227cb807274bb9607317fcd40fd65a93ffb334ee7507ed7046,a91654ea13913abad9f40d096b3766e7a40b098d,e0a51631722271611c498277b71008985770ffba,ipfs://bafkreigq3zbxymon7of3x4jtn7zrzjk2merntcd54yhvmgsjsduq6h3zwa
gov_action13tfag48nf94rtjcdq7c06vhkslmxxw9h6c88sl7q5g5nnewcsvlzxt5eumh,gov_action13tfag48nf94rtjcdq7c06vhkslmxxw9h6c88sl7q5g5nnewcsvlzxt5eumh-2d45ef90027e,TreasuryWithdrawals,ratified,570,577,ABSTAIN,-0.15,0.67,YES,diverged,UNKNOWN,unknown,162.0,47.0,13.0,{},12d4f9c0ce950b84163050b2714641bc2868b544f89e3e8dab27580632530172,2d45ef90027e06385e277f86d0a2d9c42aab65491be23d892f462e0268d2f11d,87f3ef57aae0cf199ec51d21ce410e36c0b54f5069fe50dd5d85649afd3319ae,a91654ea13913abad9f40d096b3766e7a40b098d,e0a51631722271611c498277b71008985770ffba,ipfs://bafkreicjt5d4y7phbqwyhfkmtz75u2nck3is5cuywkcisnmtsuibdrm3li
gov_action13tfag48nf94rtjcdq7c06vhkslmxxw9h6c88sl7q5g5nnewcsvlzyc3clg6,gov_action13tfag48nf94rtjcdq7c06vhkslmxxw9h6c88sl7q5g5nnewcsvlzyc3clg6-26dd0505dccb,TreasuryWithdrawals,ratified,570,577,ABSTAIN,-0.15,0.67,YES,diverged,UNKNOWN,unknown,133.0,21.0,6.0,{},149dd2cce29bd0f46222b66ef2c346d681c8c067c894aa5f88b70c611501fb73,26dd0505dccb44a862c76e28840d8dbc1af89ead2eb27291dea9661303fafac1,1668f12032feef82bde4a32e13457beecc02b19acfd96b6a67728e69cb3818e8,a91654ea13913abad9f40d096b3766e7a40b098d,e0a51631722271611c498277b71008985770ffba,ipfs://bafkreigrw7v6q2wcnbgjd22ev6eepitgaegtkkmhzwmsccfxmejkc3okbm
gov_action13tfag48nf94rtjcdq7c06vhkslmxxw9h6c88sl7q5g5nnewcsvlzzy7m65d,gov_action13tfag48nf94rtjcdq7c06vhkslmxxw9h6c88sl7q5g5nnewcsvlzzy7m65d-35d616564250,TreasuryWithdrawals,ratified,570,577,ABSTAIN,-0.15,0.67,YES,diverged,UNKNOWN,unknown,142.0,15.0,6.0,{},d3b1af87da9421a5713e2da7b7a0011431d9f84c19f3b8801239d4a8dbe22eb5,35d616564250e6b2c3e8af51308fd082d7641b77861d374b553bc836fab3f4e1,43d75ae972b0c7b39f7579977b1dc1925d1c139809ded1d501578c89db6fb887,a91654ea13913abad9f40d096b3766e7a40b098d,e0a51631722271611c498277b71008985770ffba,ipfs://bafkreialtiknfumaxc23xjqxs2r4g5qjca3tikopmottieu5iq2sr77b3i
gov_action15ce4qnwug759939wqv782pvh6qg68khspg8kh02gmex99mcsytwqqqr7jkr,gov_action15ce4qnwug759939wqv782pvh6qg68khspg8kh02gmex99mcsytwqqqr7jkr-5519b19da8ac,InfoAction,expired,603,610,NO,-0.4,0.92,NO,aligned,UNKNOWN,unknown,37.0,114.0,18.0,{},6c1f4957ab27829cad17791585ff03079d21984e9d17702a939955c614d277f1,5519b19da8acbd2e5bf6a401ab0a2c8d33fbeb51ec821a9c42c780342859bb84,edf3f8d27744f2510de14c7302cfbcb043f03fa682d605e3a9ce9e68874bd34c,a91654ea13913abad9f40d096b3766e7a40b098d,e0a51631722271611c498277b71008985770ffba,ipfs://QmP25wNHBBh62eRUBnRbvpXz2DFJ5aQBgbqMq27zpHXNjs
gov_action15dh2lt4qskmhl97vat8s0l552ruvddrlasa0jndg7lg43g0uju3qq78hvja,gov_action15dh2lt4qskmhl97vat8s0l552ruvddrlasa0jndg7lg43g0uju3qq78hvja-062c9925199c,InfoAction,expired,590,597,YES,0.25,0.8,YES,aligned,UNKNOWN,unknown,169.0,24.0,11.0,{},5cd0d208330fa689d993d1fce3417e9106dd67a19f93782607d2f75bd1128417,062c9925199c75830e9ff949a67d943a4c5e0ab5a12b19f7b8e5bc5fa3312157,a8c1a59e38566c5df6ab1ecfbda59f2599d80bebeaac7cc3f9f0ce70f55a53ba,a91654ea13913abad9f40d096b3766e7a40b098d,e0a51631722271611c498277b71008985770ffba,https://ipfs.io/ipfs/QmeMvA4j38n46hye724etsdUoUMzQ3T9bvmHMJUtNRf9ps
gov_action169kllwhfmp488je5x5rwvufd08p8sztdcf0ghf5sp6ey2gnjdwaqql47xry,gov_action169kllwhfmp488je5x5rwvufd08p8sztdcf0ghf5sp6ey2gnjdwaqql47xry-e80306442ec6,InfoAction,expired,597,604,ABSTAIN,-0.25,0.77,YES,diverged,UNKNOWN,unknown,221.0,6.0,1.0,{},8e4ff25433dc78dde536eb6d938ab4b4b520a103c979b8ac2aeedf1b0f8d8dc0,e80306442ec6baf8de6a1fc5376c64d28434523d63883cbe2930750e045d1aa0,d34bad806b4ecfa6fb1784b40b3c34e1911b9df1120905257233254920f61f76,a91654ea13913abad9f40d096b3766e7a40b098d,e0a51631722271611c498277b71008985770ffba,ipfs://Qmeme8EWugVPQeVghpqB53nvG5U4VT9zy3Ta545fEJPnqL
gov_action16f69yf2f35w9ds8sr05ewyr55jg5f439mu8882rv295fvf8m4kcqql7y6nc,gov_action16f69yf2f35w9ds8sr05ewyr55jg5f439mu8882rv295fvf8m4kcqql7y6nc-69e3d2f9ab16,InfoAction,expired,589,596,NO,-0.25,0.8,NO,aligned,UNKNOWN,unknown,48.0,105.0,27.0,{},336b83b9923f0c7673ce5b9b9febffd0672394f71562d4072d3cfc48116248a6,69e3d2f9ab16f5b2fcd573ec49706eb7e6ca8c11e23227e3c207e2549ea50a96,02861fc7d5387f5ae3557a75df7188adaca0dc47d300f32c2348ea23918600f2,a91654ea13913abad9f40d096b3766e7a40b098d,e0a51631722271611c498277b71008985770ffba,ipfs://QmZdZ387ZfcDwQ4YYSPAvWX42gX1w8nGPdhbwk7gxTtNBE
gov_action16tdkp3fs0j6303e4utgp8rftdug0ckezr4sslgv8wxdaeq40ngpsq5sr06h,gov_action16tdkp3fs0j6303e4utgp8rftdug0ckezr4sslgv8wxdaeq40ngpsq5sr06h-46413ad35bce,TreasuryWithdrawals,expired,584,591,ABSTAIN,-0.15,0.67,YES,diverged,UNKNOWN,unknown,142.0,37.0,11.0,{},360502ff89278ddbbb940dcc5d79855d28606903851d466830769779ce17de61,46413ad35bce4f95be3c1addc731087d328e49d5fdaeb636878bbbd5017bcbc4,7c8d11b2ab5c3cd9e3ce6cb54b7ed3cc8fc21ee4c7f9fa1521f71cc9607056d0,a91654ea13913abad9f40d096b3766e7a40b098d,e0a51631722271611c498277b71008985770ffba,ipfs://bafkreihju7a6zywpv3adaeeg4nnyrkewurng5csavsspmqsgikzg2suhry
gov_action17dfgtkeufcy945e3ssanqpmn09ft3gezhvepvvg7msmlmaz260dqqjtsmpe,gov_action17dfgtkeufcy945e3ssanqpmn09ft3gezhvepvvg7msmlmaz260dqqjtsmpe-b58c052e59fd,TreasuryWithdrawals,active,617,624,NO,-0.4,0.92,YES,diverged,UNKNOWN,unknown,53.0,53.0,7.0,{},824875224233d8851be4d80be4cc56aeffa4ef137fd2423c5f20075b9010dcf3,b58c052e59fdcbd1f8bf6f812000488455e0ba583fc0bb1936af4a63cbee7744,a7ae298e0993286c93df07766c50cedb1dffd9bbf5b3c67188194b79f2ea8f1f,a91654ea13913abad9f40d096b3766e7a40b098d,e0a51631722271611c498277b71008985770ffba,ipfs://bafkreibeffgc4ow5rxbttesgqqe36copa5rejtsw6b4jruwow2p3wahxtq
gov_action18fd7jwa06fksmwumlcvlft8v4guvaa672qsp6xgenekvs4kmvcqsq8cqks4,gov_action18fd7jwa06fksmwumlcvlft8v4guvaa672qsp6xgenekvs4kmvcqsq8cqks4-7399ed10fce9,InfoAction,expired,601,608,YES,0.25,0.8,YES,aligned,UNKNOWN,unknown,152.0,26.0,17.0,{},3c5c04b6f4549f722194fa78cea4b2e53e9a8f0992d2424b114372f4288250aa,7399ed10fce96398bf511e97e350fafb4ae1c6c7b0540e6c91c7e630ac1e2d1c,6c2be22276be9478825a0b30aef21d26db4a6ed471c7e3f5edce014614424c3c,a91654ea13913abad9f40d096b3766e7a40b098d,e0a51631722271611c498277b71008985770ffba,ipfs://bafkreifxxz6n33l5umvgxdoxzp35gsnbzvi63slmeqnwg3pj4gsrwnzr4e
gov_action18nefry4qacd80xzs2srjahxm2e4vz3c8wvrr03rrtk8mdqfuknysq66459t,gov_action18nefry4qacd80xzs2srjahxm2e4vz3c8wvrr03rrtk8mdqfuknysq66459t-99bab18435d4,TreasuryWithdrawals,ratified,570,577,ABSTAIN,-0.15,0.67,YES,diverged,UNKNOWN,unknown,194.0,23.0,14.0,{},527ca5bced67999d1b0590f2636d441c9da7f00c87d0b04460d7c284c37c9c15,99bab18435d40b4e567e615a493471f356672351cf79ffe575774f1b3cf9e1a0,fd57d027ec7efd35707f9c297e18ae34d21b18d154c1e381e5255ab68d98731f,a91654ea13913abad9f40d096b3766e7a40b098d,e0a51631722271611c498277b71008985770ffba,ipfs://bafkreihj3ddbz7c52l2s3klalsf4ux5xqkawktom5v5apfral37hs6kpki
gov_action193leqzml768nz7nmpepzx822a5mzyanqhtewaxjtul5gp6uhwvfsqgl2qg0,gov_action193leqzml768nz7nmpepzx822a5mzyanqhtewaxjtul5gp6uhwvfsqgl2qg0-b971ec806d47,TreasuryWithdrawals,ratified,570,577,ABSTAIN,-0.15,0.67,YES,diverged,UNKNOWN,unknown,140.0,23.0,6.0,{},72bbe85bc987a64e7055db93cda7e44ad6083362f62c6fbc4a476fdabd6b60c2,b971ec806d472b0e73863367e60402ba835a160d02c82851b92fbee30f0932ab,38f6d9c084625e5075fa3485670c55cdadc9941c03beac1987aebe42a1a1f57f,a91654ea13913abad9f40d096b3766e7a40b098d,e0a51631722271611c498277b71008985770ffba,ipfs://bafkreibelpp2qzjcpeizeobf57tmhl4q6kauutytdve3mqzzjxzp2jqjxm
gov_action19uhuy5uame2s60yrh6n8cyds8ps5q7tkh05dqlzmpcfy429p9w4qq5ll3g0,gov_action19uhuy5uame2s60yrh6n8cyds8ps5q7tkh05dqlzmpcfy429p9w4qq5ll3g0-5c7414b4e3af,TreasuryWithdrawals,active,614,621,NO,-0.3,0.79,YES,diverged,UNKNOWN,unknown,135.0,16.0,8.0,{},c751914ba75ff7028e375549f439a5c046cdd230f3f9e5afc5e86bdc5f9c628c,5c7414b4e3aff3058dea5d15844de9c632924ad2f828359c11a10cdb0f7aeb2d,4ebfd9adeb927689db5c88130322375c838388d47232697749a4fde5a8eb1a62,a91654ea13913abad9f40d096b3766e7a40b098d,e0a51631722271611c498277b71008985770ffba,ipfs://bafkreicshobgfe6o6siinj6ym4yxpz4dyyf3dqfex3w42htfvhpdn6msfu
gov_action1a95na44kgedjk3k64ajpfp4p9d9jj3sgzc6tt9nmnkvgj7c9nraqq7g4d2u,gov_action1a95na44kgedjk3k64ajpfp4p9d9jj3sgzc6tt9nmnkvgj7c9nraqq7g4d2u-cc38e202f592,InfoAction,active,616,623,YES,0.25,0.8,YES,aligned,UNKNOWN,unknown,94.0,22.0,4.0,{},1839b2994e65e2328c4d7b5b9165f069f14baab0974b5daec306afb01ebc63b2,cc38e202f592b8c11ad500fd8aacaf8cac4cfe5ac03fe3818525aa588a169f8b,af10a63d6f8248b67bb542ee7075ad5bf9975c3c032e67db03b8fdf8daba891f,a91654ea13913abad9f40d096b3766e7a40b098d,e0a51631722271611c498277b71008985770ffba,ipfs://bafkreidkxk3akjqukgyuxp65g2pesfbhk2miepg7cd6tq7u2hujxmxqzvu
gov_action1aw809r9gpk7eemt02alszw7lceyf0505uvntavm62rakkckr3nxsqd54zm8,gov_action1aw809r9gpk7eemt02alszw7lceyf0505uvntavm62rakkckr3nxsqd54zm8-9f91dc8ae69a,NewCommittee,expired,600,607,ABSTAIN,-0.25,0.77,YES,diverged,UNKNOWN,unknown,132.0,31.0,15.0,{},16a2ee73a90d52555b4a4491c2df802ad758f751e99610f54a0887495a32e8b1,9f91dc8ae69ade10ce65bb82f4cce57452dfb23842a7cae3a2702c9993273414,5cb1ca1ca96e39f6cc3d8f6e3257052982de3eb9ff7f73a88f5063c8b36f46f8,a91654ea13913abad9f40d096b3766e7a40b098d,e0a51631722271611c498277b71008985770ffba,ipfs://Qme6n18tBndukAbRyvHc6MMj8WrjsBnppYvTAmsm3SHa4y
gov_action1cgdsp7g0rr7wgqp7maptpvx525fxuqwfgm5qe3f5r20ew5x2772sq0m5y83,gov_action1cgdsp7g0rr7wgqp7maptpvx525fxuqwfgm5qe3f5r20ew5x2772sq0m5y83-545a0853e272,ParameterChange,active,606,613,ABSTAIN,0.0,0.52,YES,diverged,UNKNOWN,unknown,224.0,4.0,6.0,{},4f6a9206c95d0073cc87a7503a71c9f3c648ebcc2ef6ba63081e850fba5a0d8c,545a0853e272bb51ca0cd74ffe37ef9dd9698b615fbcadcdd9af0c4b6ae3420f,19c7461077636cd618549afe5676d7ad12d485809f46dc2d5f27a02a65d88e11,a91654ea13913abad9f40d096b3766e7a40b098d,e0a51631722271611c498277b71008985770ffba,ipfs://bafkreifwx5z25x6bh5vcwgvzrajy7qlgisukglywjjduwfsrsnp752pqca
gov_action1ezp0r9rgf4njx93p9uq7l3kjs9m739jm0ntf26vplcmucec4jc0qqxjlfrc,gov_action1ezp0r9rgf4njx93p9uq7l3kjs9m739jm0ntf26vplcmucec4jc0qqxjlfrc-5bf8decf7aae,NewConstitution,expired,586,593,ABSTAIN,0.1,0.62,YES,diverged,UNKNOWN,unknown,173.0,29.0,10.0,{},764ea7f0b7f97f9c13175bcfbebbaf3fa7f23bd1e6125953e1694cea66da52d8,5bf8decf7aae7389c9d465d60449e226de4bea68e5497efadf693568cff977cc,26ab928f017a3d749cbc83d8f08e067a1e6e1e3de30f4bcbf42aece3e1f81502,a91654ea13913abad9f40d096b3766e7a40b098d,e0a51631722271611c498277b71008985770ffba,ipfs://bafkreig4ural237c4gczp4srzygsmlaquiibixiskus2lwy4a6vilivgiy
gov_action1f9da8n2yaf4updxzmwc7fnw8ug2gwnpvqays5n3yw6nz0mu3z2qqq6ggge9,gov_action1f9da8n2yaf4updxzmwc7fnw8ug2gwnpvqays5n3yw6nz0mu3z2qqq6ggge9-7c5b2f1080ab,InfoAction,expired,569,576,ABSTAIN,0.1,0.62,YES,diverged,UNKNOWN,unknown,119.0,75.0,22.0,{},9127aa6437b57f4d937beb1c2658c0b7641553dbb08e7c365f87a69364adf71e,7c5b2f1080ab90e817b5e5588fa3bc1e3d1766da098bfd93e104385b8278ff97,bdd2989497a186e9c98db4ea052a4d14f62428dfec7d8dc74ce68d1eb3f31cdf,a91654ea13913abad9f40d096b3766e7a40b098d,e0a51631722271611c498277b71008985770ffba,https://most-brass-sun.quicknode-ipfs.com/ipfs/QmQTpreux4fpWQ5jL4gxZVp7Zx6KNWnoRsj1ApU79c8Y2B
gov_action1fk4nx9zhkcdcyjaudwjtnkd7gagwyhqtth2zypawkc78gvdxkuzqqtvqdkv,gov_action1fk4nx9zhkcdcyjaudwjtnkd7gagwyhqtth2zypawkc78gvdxkuzqqtvqdkv-14841e285dec,NewCommittee,ratified,599,606,ABSTAIN,0.1,0.62,YES,diverged,UNKNOWN,unknown,173.0,1.0,1.0,{},406dc39ae14454bcc8931d362eb224a14f8fd476166658cee523f5dfa5001222,14841e285decd47b9657a8a9dc41ecff5aab409f4288621eca1d256385f014d2,f4dc714ba62f2d00f93463c474f74fa1722d81d8254a9eaba13a14818d4cf816,a91654ea13913abad9f40d096b3766e7a40b098d,e0a51631722271611c498277b71008985770ffba,ipfs://bafkreibqxuceexlhali4nhqo7tvsdzrcndzr775pv7wfsdq2lbxtyk4emu
gov_action1fl6r784t2ffw7q96du2znhprw90r3xvrfugvqelgqewgxex42kdqq9tgrd5,gov_action1fl6r784t2ffw7q96du2znhprw90r3xvrfugvqelgqewgxex42kdqq9tgrd5-d5dd362be4c3,TreasuryWithdrawals,expired,573,580,NO,-0.8,1.0,NO,aligned,UNKNOWN,unknown,23.0,151.0,22.0,{},024cb45a3c83dcc6f43f97753967b37578ce089394652c2045f3d7b3f977aaa4,d5dd362be4c31dba35ff30c7d9701ceb03b4b273d5ef869fa005ccdab987d3c0,7a1fa0d7ac25854daff3bfb2dce6b9a86e0b35f48b408b330b21b30f430c7704,a91654ea13913abad9f40d096b3766e7a40b098d,e0a51631722271611c498277b71008985770ffba,https://raw.githubusercontent.com/snekadmin/Public/refs/heads/main/data.jsonld
gov_action1fpqwxp2kxvnntr8hpkh9q9djm78ccdww7qlhg5safugh4stmcwzqql5lauu,gov_action1fpqwxp2kxvnntr8hpkh9q9djm78ccdww7qlhg5safugh4stmcwzqql5lauu-37dcf751f933,InfoAction,expired,556,563,ABSTAIN,-0.75,1.0,NO,diverged,UNKNOWN,unknown,10.0,135.0,28.0,{},e60a6fcf207e140cb0beb5f02eaf581bd2e365f137e54de64a660e92d725a8b7,37dcf751f933cd500eb3d919900273fa273482282fcb075de05082592f8f2a8f,d9f2303d1130ac5c17058d8e421f935f84840ab66fd890e7fc561a785cbd349c,a91654ea13913abad9f40d096b3766e7a40b098d,e0a51631722271611c498277b71008985770ffba,https://raw.githubusercontent.com/theeldermillenial/2025-liquidity-budget/df0b26d8796b19b566008ea9eaa8f17fef2cb6d4/info.jsonld
gov_action1fvgw27fjpr9c7g582mszzyez0jgkqgjgatzdnyngrg8wwc9kcn3qqxtz8r7,gov_action1fvgw27fjpr9c7g582mszzyez0jgkqgjgatzdnyngrg8wwc9kcn3qqxtz8r7-8c4f38757feb,TreasuryWithdrawals,active,607,614,NO,-0.3,0.79,YES,diverged,UNKNOWN,unknown,127.0,44.0,24.0,{},b43b982e1c20321660d3b1fb7abb5ed25321806de3888299e619b47a697050e8,8c4f38757feba13560331253287ba48e44ec1e463a5cf34ea790103070f63cad,29df606dcb8e8a123a61a7b7cf168fe580410817fbc6e6299dd47be2943e5b6c,a91654ea13913abad9f40d096b3766e7a40b098d,e0a51631722271611c498277b71008985770ffba,https://raw.githubusercontent.com/theeldermillenial/2025-liquidity-budget/refs/heads/master/withdrawal-1/data.jsonld
gov_action1g7sw0f8e8qa34lppj2erksvzf4j6e9udwaq6efslc8apdqeazygsq2spyyt,gov_action1g7sw0f8e8qa34lppj2erksvzf4j6e9udwaq6efslc8apdqeazygsq2spyyt-d2f9712b7120,NewCommittee,ratified,573,580,ABSTAIN,0.1,0.62,YES,diverged,UNKNOWN,unknown,261.0,5.0,10.0,{},03ff9e8194ce084489e48bab215ef6eef63a58a4fd97415df7bbcc0d3f283bb5,d2f9712b7120e85932fa0812ea82371f05fc0ce8b98686a8286ee0c71e3bb1c9,8605ec44d22d558cb9071ca052b7520423e87a2af0cfc821322c7c62a4266d46,a91654ea13913abad9f40d096b3766e7a40b098d,e0a51631722271611c498277b71008985770ffba,ipfs://bafkreicw6kinbtfwxygoj4jf7khextfq6a3yirlhkldhd7zizdq4xu2ghm
gov_action1h4ygjv0hjfj3lmafcm76rpdzcm8vsvj9k5wejn3npyxwxm3fesnqqw9kxxz,gov_action1h4ygjv0hjfj3lmafcm76rpdzcm8vsvj9k5wejn3npyxwxm3fesnqqw9kxxz-6fbb6963f1aa,InfoAction,expired,556,563,ABSTAIN,0.1,0.62,YES,diverged,UNKNOWN,unknown,232.0,14.0,10.0,{},0d580210b406a5ced43761c165debcb01dc23d1b33596c1aa8d297759769e230,6fbb6963f1aab64a619f273d32ca26a4e3e2f651117512fba28d85ee96325962,0ae55e5d2aaf678182c62a3db26a2f516a719a1bb491e796d59f2b0fdde4e6ec,a91654ea13913abad9f40d096b3766e7a40b098d,e0a51631722271611c498277b71008985770ffba,ipfs://bafkreibqma7t2k4rcywvx5afukahhi3dp2so2ugh7t4ljuawhanvk7sr34
gov_action1jr84r96lnsvu9yd6c0jhxe9gj5r7vnd2pgkntc6klplxdpyzz4tqqc9uldx,gov_action1jr84r96lnsvu9yd6c0jhxe9gj5r7vnd2pgkntc6klplxdpyzz4tqqc9uldx-6a5840018205,InfoAction,expired,580,587,ABSTAIN,0.1,0.62,YES,diverged,UNKNOWN,unknown,163.0,64.0,17.0,{},c4e4531b2f7ed935f98387e15b6d88c44a0f6a7bc961fe44dc7c076cfa45523f,6a584001820515f3465f6b609cc0f94e41438cc0a258b93dfbed11ab1ac5ac69,07953426e2c5ddbb456bc7e3c40a8e60fccb90474c04f0bc76410b250e2a782c,a91654ea13913abad9f40d096b3766e7a40b098d,e0a51631722271611c498277b71008985770ffba,ipfs://bafkreiegpigegytetkwrqhftqphcqjkammmjipwq2d57s6xkfbtxiq3tei
gov_action1js2s9v92zpxg2rge0y3jt9zy626he2m67x9kx9phw4r942kvsn6sqfym0d7,gov_action1js2s9v92zpxg2rge0y3jt9zy626he2m67x9kx9phw4r942kvsn6sqfym0d7-3285098ed699,ParameterChange,expired,539,546,NO,-0.35,0.9,NO,aligned,UNKNOWN,unknown,140.0,223.0,11.0,{},49bc175a1f8bfa9fb3e2cb60476e3c8c385e84520470751bff3e3710f9be0d9c,3285098ed69901321291becfaf29a66265dc0d709cbe9114c1bdebd6fcc0ef87,0c7d7b6ff7a9fa7bcf68a9673ed9bc81686737032867399e317452d8a4531899,a91654ea13913abad9f40d096b3766e7a40b098d,e0a51631722271611c498277b71008985770ffba,ipfs://QmcKQggcpouuhAAvUYGDzoKgMwbZSkWqiEeE6c67SJ3kEq
gov_action1jxne7hynfd7frcczwumd2eggps4kvy0msjztz9t0mutpy870ksgqqp6vp3p,gov_action1jxne7hynfd7frcczwumd2eggps4kvy0msjztz9t0mutpy870ksgqqp6vp3p-37fc4d089b3b,NewConstitution,ratified,601,608,ABSTAIN,0.1,0.62,YES,diverged,UNKNOWN,unknown,157.0,24.0,13.0,{},0c1bab0d3f9a4077007fe35f5a9758c78c4728634f98ad9ae4bb793014076935,37fc4d089b3b44de06b0b52ea8f64eef0632c7160a62d2b955ed046f3144f465,77e281d90816dbdff30be9f217bab0dbd99136351100c22c36e1096ee83ff357,a91654ea13913abad9f40d096b3766e7a40b098d,e0a51631722271611c498277b71008985770ffba,ipfs://bafkreigxpweqv2rnh7ajt5hzdq6gikogmaq3nbyof5uvdntc4hkg52ghqy
gov_action1k2jertppnnndejjcglszfqq4yzw8evzrd2nt66rr6rqlz54xp0zsq05ecsn,gov_action1k2jertppnnndejjcglszfqq4yzw8evzrd2nt66rr6rqlz54xp0zsq05ecsn-4928ce2c3593,ParameterChange,ratified,519,526,ABSTAIN,-0.1,0.65,UNKNOWN,unknown,UNKNOWN,unknown,0.0,0.0,0.0,{},70669376468471ced08095c451df193f5d29b2589c85ef0e48d597e542d0eed5,4928ce2c359390f0211a103d0a3bc72b8c177754ae00991eaf21f5586434e9b9,a47bd9ea4cbeec41219bdde3dfd32c009f1c5a9d95f195d41f281a20ec0f57e5,a91654ea13913abad9f40d096b3766e7a40b098d,e0a51631722271611c498277b71008985770ffba,https://raw.githubusercontent.com/IntersectMBO/governance-actions/refs/heads/main/mainnet/2024-11-04-ppu/metadata.jsonld
gov_action1k5vwlfrxtyusd2ec37tckd54gjvqn2kd72xj4t6wkkapdv7zfg0qq468n2r,gov_action1k5vwlfrxtyusd2ec37tckd54gjvqn2kd72xj4t6wkkapdv7zfg0qq468n2r-3e3a29c45b49,InfoAction,active,619,626,ABSTAIN,0.1,0.62,YES,diverged,UNKNOWN,unknown,71.0,3.0,2.0,{},cc2f414091c66395b44fa1cc0c0ff02ec6064f988a263066744675a9812f1888,3e3a29c45b49158037e40b80a3782ba7de1a4fdcb74a49c6034ba6f9b84094b2,9980884e174c51fe1ad31c50c990fdd3ebdf8966409486f4d97fefa726f8f60e,a91654ea13913abad9f40d096b3766e7a40b098d,e0a51631722271611c498277b71008985770ffba,ipfs://QmV9raiDbx8cs5wspNT8EiX5ReusETusVerwQBSrmhrX8N
gov_action1llcd7ezdx299xeep9azm4dvsvz7783qfrhykcu3sv2ykl4sewv2qq4myfpk,gov_action1llcd7ezdx299xeep9azm4dvsvz7783qfrhykcu3sv2ykl4sewv2qq4myfpk-953b3bc08f89,InfoAction,expired,522,529,YES,0.25,0.8,YES,aligned,UNKNOWN,unknown,209.0,9.0,8.0,{},1a7c022084a87cf048ae12eeb7500393c945bf749976a0b7ee9549ea207d1dc2,953b3bc08f8961538ef04edb85b1db27cbe02ca3c6fbb5d5907584eb279c053e,9ecad4bfcbddaa89b3a51c4a9ee69f127775b1f7eb167021385d21a73a245bfb,a91654ea13913abad9f40d096b3766e7a40b098d,e0a51631722271611c498277b71008985770ffba,https://raw.githubusercontent.com/IntersectMBO/governance-actions/refs/heads/main/mainnet/2024-11-19-infohf/metadata.jsonld
gov_action1lqun78lcznfa2gek49m3ydslakfnm8heargfp8sax9fk54yl6ghsqp042zv,gov_action1lqun78lcznfa2gek49m3ydslakfnm8heargfp8sax9fk54yl6ghsqp042zv-99966bcf1af5,TreasuryWithdrawals,ratified,599,606,ABSTAIN,-0.15,0.67,YES,diverged,UNKNOWN,unknown,196.0,10.0,5.0,{},f2cd5120b10b376411833a9a6a96889ab666b41263adf4c99b9f61f3dd875cae,99966bcf1af58cd875ad42bac16e8055df3ccbe77e221589cfe543debb597494,179d24cb69ce0edb70f4035dc1bd57edb55f806ea5fc41494fd147cd3697c4b7,a91654ea13913abad9f40d096b3766e7a40b098d,e0a51631722271611c498277b71008985770ffba,ipfs://bafkreiecqskxkmakkrzrs2xs2olh5jcwbuz5qr5gesp6merwcaydcaojiq
gov_action1m3xx08yv788vfxqh6nfvrjtvmqpwezsy0ggaczctkyjmttc2wmxsq4jsr7q,gov_action1m3xx08yv788vfxqh6nfvrjtvmqpwezsy0ggaczctkyjmttc2wmxsq4jsr7q-7989e055665d,InfoAction,expired,605,612,ABSTAIN,0.1,0.62,YES,diverged,UNKNOWN,unknown,125.0,31.0,10.0,{},39596a3e82728de13274c81ffb094f50a8f53115feb79d196b3bf76de5a10fb4,7989e055665de8469efb9e66c48eafa74ace22953ab0f8010799fca814c6c95e,1ae41c9ffe8629d1da0a15c43999c53dcd4a2e2fbbaed075e32378d4b621746c,a91654ea13913abad9f40d096b3766e7a40b098d,e0a51631722271611c498277b71008985770ffba,ipfs://bafkreidpcmogdet4beysyxq4u7l2qywplbfnahudyevqjcu2yxiceurn3u
gov_action1mldvtys6ketjg87wtpvr6cd77kdrd8sp62a8sxgadhmxx2s8lh7sqp2qedq,gov_action1mldvtys6ketjg87wtpvr6cd77kdrd8sp62a8sxgadhmxx2s8lh7sqp2qedq-578870a762ca,ParameterChange,active,612,619,NO,-0.27,0.82,NO,aligned,UNKNOWN,unknown,38.0,55.0,6.0,{},6f23a9656abf90c530aaa83a70cec0f251c9d81ffea95ec051d447693fffa39d,578870a762ca213e3206a1730cef9859eeeb593f8682ad7338ab9b2d7a4bc840,5e063fe658bf25cefb0c14b88ac7fa9966648410047860c71be4ed88ebfa80ea,a91654ea13913abad9f40d096b3766e7a40b098d,e0a51631722271611c498277b71008985770ffba,ipfs://bafkreigmd7xasljkmisbal5pu2xcqolr2fkre4jnlllgqrof4wctadxa7m
gov_action1mmalzkcxpyn33t05hml2hxpwq0ffv6uu4mhe8sv7guz5nmm4afysqlmepzl,gov_action1mmalzkcxpyn33t05hml2hxpwq0ffv6uu4mhe8sv7guz5nmm4afysqlmepzl-1f5c0bdf61cd,InfoAction,expired,556,563,ABSTAIN,0.1,0.62,YES,diverged,UNKNOWN,unknown,103.0,66.0,25.0,{},d4966ea830e91ad8b511ead9760ada2c02eeabcba8c36996b8270ad0b35d5eb7,1f5c0bdf61cd3eb9dacb75374852eb1c863429d7feb13388e1c795ee68a3d94a,1ff2fe8e0d8320ede4e891bd39a8ee7dc44732ad0e537e2138e55d603fd5302b,a91654ea13913abad9f40d096b3766e7a40b098d,e0a51631722271611c498277b71008985770ffba,https://most-brass-sun.quicknode-ipfs.com/ipfs/QmaWrgqcQS7jYyLYFpvBiamZ4mCoeasL78qaPASDaJ6dT3
gov_action1n5sn54mgf47a7men2ryq6ppx88kta4wvenz2qkl4f9v6ppje8easqxwm88m,gov_action1n5sn54mgf47a7men2ryq6ppx88kta4wvenz2qkl4f9v6ppje8easqxwm88m-577487f7bccf,InfoAction,expired,567,574,ABSTAIN,-0.25,0.77,YES,diverged,UNKNOWN,unknown,175.0,53.0,11.0,{},b1e898c1dbc5f61821e676111416d64ab4a5ca1bcfdd2eaa5753d3d32daad37c,577487f7bccfe48a0e03bc4fdedaacab6ab27c5d84375df8dd16ac73fee37f84,ffb68cb091bd6f592c1baa7a7f26ff9bfe44e53cd33c48e19ad5a636bb77f5cd,a91654ea13913abad9f40d096b3766e7a40b098d,e0a51631722271611c498277b71008985770ffba,ipfs://QmP9iDuML2VmoFigTJifBj87LxZ3DNnREyU27DE1MrpZDg
gov_action1n9hdlcmshrj3hee4g8n4fxdgrprpxp0r03l6psd3j0evtpck0nrsqm57age,gov_action1n9hdlcmshrj3hee4g8n4fxdgrprpxp0r03l6psd3j0evtpck0nrsqm57age-3e4056d8fde7,InfoAction,expired,583,590,ABSTAIN,0.01,0.53,YES,diverged,UNKNOWN,unknown,55.0,39.0,43.0,{},b94818d6093e3aa9e2929172e8093987d04e69cb0990eab19375821e41f15aae,3e4056d8fde734206cb0166d24f56283774069664d040e8b9373272a452fc1da,58bef4191412252045e09166011e3b42e276db7e96a6456a9d095faf17275168,a91654ea13913abad9f40d096b3766e7a40b098d,e0a51631722271611c498277b71008985770ffba,ipfs://bafkreigc2vumhgcgfuouuk5ndom4dg3yxncuhdcsyirbkybggd5bv47sve
gov_action1nd3t833j7v5sz65k3tp9yyvztw60sjcjgcgjr37682s3m7frwrusqmd2k80,gov_action1nd3t833j7v5sz65k3tp9yyvztw60sjcjgcgjr37682s3m7frwrusqmd2k80-8204f4ed93c7,InfoAction,expired,547,554,ABSTAIN,0.1,0.62,YES,diverged,UNKNOWN,unknown,201.0,123.0,13.0,{},bd53e6c4536762de8ada73acce247b8b45775176755b179af6347d20354c93f1,8204f4ed93c7893ab1cefaac2f6fe7b20ee542651f902397c005c3c519521d1f,62b70b503dad464726071fc95a2cd5baab282149356770a698e02e100bc6571f,a91654ea13913abad9f40d096b3766e7a40b098d,e0a51631722271611c498277b71008985770ffba,ipfs://bafkreiaqno22swabd3kcqt2awtgwaucdzaagacoemxwadm3exrchhnfite
gov_action1pvv5wmjqhwa4u85vu9f4ydmzu2mgt8n7et967ph2urhx53r70xusqnmm525,gov_action1pvv5wmjqhwa4u85vu9f4ydmzu2mgt8n7et967ph2urhx53r70xusqnmm525-6a993c1e5f78,HardForkInitiation,ratified,529,536,ABSTAIN,-0.75,1.0,UNKNOWN,unknown,UNKNOWN,unknown,0.0,0.0,0.0,{},3b24a406a5d48189df4f709fcdea39d3cae83943fcbc43860d103682d3991951,6a993c1e5f78af0b5969993e801daad3caa7ad04f1276f84c1d49297f8e23672,b50566ffb1a1558bacb3d804117df1720341e5caf3053b01f43bc0fd9680b4b8,a91654ea13913abad9f40d096b3766e7a40b098d,e0a51631722271611c498277b71008985770ffba,https://raw.githubusercontent.com/IntersectMBO/governance-actions/refs/heads/main/mainnet/2024-10-30-hf10/metadata.jsonld
gov_action1q0m8z7glm9cprucwf44hdjdfra8khnakpm3hu5ueh929hvljw4aqqzuxfxz,gov_action1q0m8z7glm9cprucwf44hdjdfra8khnakpm3hu5ueh929hvljw4aqqzuxfxz-f7ad1d79f266,TreasuryWithdrawals,ratified,590,597,NO,-0.3,0.79,YES,diverged,UNKNOWN,unknown,151.0,38.0,20.0,{},f4cb3d23dde63452ff14123be81a7683833563ee3032623e2b935e8a66245924,f7ad1d79f2668816a474de29e6b5804889fc8be2f77580fc1c0e5db4f36183a1,b32e91538dc673398dae649fa753063409e60ac7f46d19d751ec9b5f47cd721f,a91654ea13913abad9f40d096b3766e7a40b098d,e0a51631722271611c498277b71008985770ffba,ipfs://bafkreidl43ghacdpczaims63glq5kepaa63d63cr5mrpznv56jdm7e2eny
gov_action1r44w54hx553mz0sr4cc07f8tlxzj2sa57l2pt3l9pa2ldw42fc7sq5q3rtn,gov_action1r44w54hx553mz0sr4cc07f8tlxzj2sa57l2pt3l9pa2ldw42fc7sq5q3rtn-491e2576766a,TreasuryWithdrawals,expired,573,580,NO,-0.8,1.0,NO,aligned,UNKNOWN,unknown,22.0,154.0,23.0,{},b22b1517492d290657d22f06f67110e8529429f1eec605a2962f6205e2166e31,491e2576766a058b3bca2b9bdc11385582df6e538591e9b6d2bd8ad33cf0a46a,700d6cfcd4c389ee3460a0573953b43d64e283e5e106fe6603d17db8044235ef,a91654ea13913abad9f40d096b3766e7a40b098d,e0a51631722271611c498277b71008985770ffba,https://raw.githubusercontent.com/snekadmin/Public/refs/heads/main/data_final.jsonld
gov_action1t87n2vjnavthuggyarerafxx8c7n9mu4c7r96qlfp5uggsjdc8dsqymg588,gov_action1t87n2vjnavthuggyarerafxx8c7n9mu4c7r96qlfp5uggsjdc8dsqymg588-859d1062d628,InfoAction,expired,510,517,ABSTAIN,0.1,0.62,YES,diverged,UNKNOWN,unknown,104.0,3.0,16.0,{},3b7bf75f2fc5b7582ca4a68dd4b60870d161df4abb631747d49a580217234199,859d1062d6288fcaeae00065e673de4b6dbc7780436ae34bcf08e793b7ad68d3,1b123154c18367be6faa2729a63fd64ebcef5722e5e35db8f8644083eec6e966,a91654ea13913abad9f40d096b3766e7a40b098d,e0a51631722271611c498277b71008985770ffba,https://c-ipfs-gw.nmkr.io/ipfs/QmXdfDSSkR8TYBntMT4nuTL9sE9E44FJnpWVpaY8ZTfwjj
gov_action1u4jrcvlkppjzuv5j9z5ksacwtvv77h6glu0knpcjut8gvjjfu0cqqt3alsy,gov_action1u4jrcvlkppjzuv5j9z5ksacwtvv77h6glu0knpcjut8gvjjfu0cqqt3alsy-708bd079cc80,InfoAction,expired,582,589,ABSTAIN,0.1,0.62,YES,diverged,UNKNOWN,unknown,199.0,23.0,12.0,{},bb8f2cc91954309ea7470d3b9b480329fdb572673ff9ea628d33583f0f72a7cf,708bd079cc80aba46f04a2fcdf8b135ae90c7042af4bccc9012a48bd93b28850,5d80b66a21cfc3296602f556507e9bfb9c458dbf2a73658e218e04cb77ff4d11,a91654ea13913abad9f40d096b3766e7a40b098d,e0a51631722271611c498277b71008985770ffba,ipfs://bafkreihk5qt5tgbojnno7eymbm2urm6y6jkt4yqfxdzh3agnj47zuv7lpe
gov_action1u9x73kwufaxa70lfy59g4ynwyrcsaxdcd0gxzzmh67s9fxq4j8hqqk2phgh,gov_action1u9x73kwufaxa70lfy59g4ynwyrcsaxdcd0gxzzmh67s9fxq4j8hqqk2phgh-9fa8aec800f5,InfoAction,expired,557,564,YES,0.25,0.8,YES,aligned,UNKNOWN,unknown,193.0,63.0,13.0,{},1c706e748566e1560e52e6dfeafa92fbabf5003bc8f71f8de54504b5bebce605,9fa8aec800f5386dfa18c976c762d44db3ff7d5091fae98cbce960b641683f92,c446781a202dde2614f091929e304cc99154ece523d999a47650cbb2838ea717,a91654ea13913abad9f40d096b3766e7a40b098d,e0a51631722271611c498277b71008985770ffba,ipfs://bafkreibeajhkes7bxjlkghkingcgltqcwazz2ya5oknveqwt5nont7tg6u
gov_action1uhzd06a26qavzflvrx3gvcz6rzxkl6su2ns8t3seef5e8dl6nlgsqcgtufg,gov_action1uhzd06a26qavzflvrx3gvcz6rzxkl6su2ns8t3seef5e8dl6nlgsqcgtufg-c29d452b231b,TreasuryWithdrawals,active,617,624,NO,-0.3,0.79,YES,diverged,UNKNOWN,unknown,65.0,26.0,11.0,{},7617baabbbedae696106eb28b99dd9562ca928b339986196f4c4c427357171e6,c29d452b231b0c8bb9c36a7360b4b77989278c75b033eb1ca9d9404f159a5f9b,c0e33c5c98ab3abb660db2da0bf1c559a7a705bf1dde969e715595067ba72051,a91654ea13913abad9f40d096b3766e7a40b098d,e0a51631722271611c498277b71008985770ffba,https://raw.githubusercontent.com/theeldermillenial/2025-liquidity-budget/f824da7f0c2dbab15e324d1736a967de87d34f7d/w1.jsonld
gov_action1vdlrcftd48qn2zz8egepr6xyfcmxpfz8r69k769gc5mhg662adesq9yy8pl,gov_action1vdlrcftd48qn2zz8egepr6xyfcmxpfz8r69k769gc5mhg662adesq9yy8pl-590dc1e05314,InfoAction,expired,556,563,ABSTAIN,0.07,0.59,YES,diverged,UNKNOWN,unknown,109.0,87.0,19.0,{},69fe52968ae930486d0cbb7e741debc692c4d0c118481269eb6b7e3f357e76af,590dc1e0531496c7af528dcc50dfd64768164ad5fa2030264610af85ab4d759c,973adbcd6c615137c9839b37ff59e391d6eb84fa7dc848ce9afe8190c9c65d74,a91654ea13913abad9f40d096b3766e7a40b098d,e0a51631722271611c498277b71008985770ffba,https://ipfs.io/ipfs/bafkreieu47jw2qoxmqz67qyhhj4pi7fssuth5s4mm42qleqtw5tuzs3pgu
gov_action1vrkk4dpuss8l3z9g4uc2rmf8ks0f7j534zvz9v4k85dlc54wa3zsqq68rx0,gov_action1vrkk4dpuss8l3z9g4uc2rmf8ks0f7j534zvz9v4k85dlc54wa3zsqq68rx0-f333f58b06c1,TreasuryWithdrawals,ratified,566,573,NO,-0.3,0.79,YES,diverged,UNKNOWN,unknown,198.0,6.0,11.0,{},6906b214000ea7544f2e1eb33e0cc9b1ca83a1de00e2f152436796ad36bc83d8,f333f58b06c16a8e7abcd856c44da9c3365da4ae9bf73add67f052343af7ca2d,2151514dbdfc487e5a7e39e3f17613603f9b7c964ca05fd275ece4cbe11c3167,a91654ea13913abad9f40d096b3766e7a40b098d,e0a51631722271611c498277b71008985770ffba,ipfs://bafkreifw3qs7brjn4tdvyprnh2r343oerbdghasp5ws6ro55frbpll3dta
gov_action1wwjwkg2g0qwr0mehey9r8gwn6qz3r28wl6wdl2s75kfmpy8j87tqqtft9tp,gov_action1wwjwkg2g0qwr0mehey9r8gwn6qz3r28wl6wdl2s75kfmpy8j87tqqtft9tp-f83687674328,InfoAction,active,611,618,ABSTAIN,0.1,0.62,YES,diverged,UNKNOWN,unknown,118.0,42.0,13.0,{},98c534c99a6706ecdc467eb6cfdfadaae2f1eba427b49320a276ac5e88000a72,f8368767432862c8cd31f20f1d3026bdc3abfb96ef477fb61fb4c1487327f4d9,56e8fdfb2d2a4b3b4af037764f9ba3ce67b589d01ef7349ccd9dd3b1a12e43f9,a91654ea13913abad9f40d096b3766e7a40b098d,e0a51631722271611c498277b71008985770ffba,ipfs://bafkreid7tr5uotr4bp2jp54q7lbm5p5eldncuahprj53msy6kqgjscyrdu
gov_action1x2zm0lgd59kjrc9clzgscdlh0ct62l8llr638h6t4a5jj4yqzzyqq2dgc7q,gov_action1x2zm0lgd59kjrc9clzgscdlh0ct62l8llr638h6t4a5jj4yqzzyqq2dgc7q-09257a56cbe6,InfoAction,expired,590,597,ABSTAIN,0.1,0.62,YES,diverged,UNKNOWN,unknown,158.0,13.0,12.0,{},e9078eb7edeccddf081ecad568ec6078f54cb2029fbea05185e5e6188257d95a,09257a56cbe61ab0b8e37ac9d15bb699e6be4ed0b8549884722802b5da9fde33,ada9a82799311ba665f72a0298401059b721aee5ee59f0ee032ad30933145251,a91654ea13913abad9f40d096b3766e7a40b098d,e0a51631722271611c498277b71008985770ffba,https://most-brass-sun.quicknode-ipfs.com/ipfs/QmR7khTUdWyQFdNvyXDsuyZLUNsdfm7Ejo9wKfKdRE3ReG
gov_action1ypajyms3pcfmkx93r87dxy6jpc8u6pst90ylhxj7t0rwjj43puasq0x9jrw,gov_action1ypajyms3pcfmkx93r87dxy6jpc8u6pst90ylhxj7t0rwjj43puasq0x9jrw-a9849eaaf029,NewConstitution,expired,574,581,ABSTAIN,0.1,0.62,YES,diverged,UNKNOWN,unknown,160.0,53.0,25.0,{},fe252f5bdea339f7ede6724c075b343d39cabef3baebfd241983f8f2c14d5b43,a9849eaaf029746165c000ee1523ae76f6b01a0034eda10fb3b38d5ae671aa59,86bddfb335374d8f89a998a5b74e2213d3f573fa8660102059855120c0c7e654,a91654ea13913abad9f40d096b3766e7a40b098d,e0a51631722271611c498277b71008985770ffba,ipfs://bafkreig4vjv636y7yhc3va6u4u6euluzs7wxwas5ntwqrvyzafjnnbcsgu
gov_action1zhuz5djmmmjg8f9s8pe6grfc98xg3szglums8cgm6qwancp4eytqqmpu0pr,gov_action1zhuz5djmmmjg8f9s8pe6grfc98xg3szglums8cgm6qwancp4eytqqmpu0pr-54919d08d5ce,InfoAction,expired,507,514,ABSTAIN,-0.75,1.0,NO,diverged,UNKNOWN,unknown,11.0,93.0,21.0,{},56855fef1f41144bdf38b6ee33598c169d0f5c4433faccffce81bcb93cb58143,54919d08d5ce86e8d5402383db5a763c9f31320bfbbc25227494af579871255b,5a123ed41ad23cc1d695ecdbd57d16fd8f54a45831558b35c6ed6d9592ff1e22,a91654ea13913abad9f40d096b3766e7a40b098d,e0a51631722271611c498277b71008985770ffba,ipfs://QmWjcHsrq9kKHZZ7aPPFjqN6wLuxH9d8bcqssmrE7H4cvb
